{
  "bannerAttachDelayTime": 0,
  "bannerTransitionTimeInSec": 5000,
  "list": [
    {
      "actionType": 1001,
      "fileName": "banner1.png",
      "id": 0,
      "showIn": "home",
      "ranking": 1,
      "actionText": "{\"formButtonText\":\"Submit\",\"campId\":1,\"campName\":\"Campaign-001\",\"fieldList\":[{\"fieldData\":\"\",\"fieldName\":\"Name\",\"fieldSuggestions\":\"\",\"fieldType\":\"edit_text\",\"inputType\":\"textCapWords\",\"isSpinnerSelectTitle\":false,\"maxLength\":0,\"paramKey\":\"name\",\"validation\":\"\"},{\"fieldData\":\"[{\\\"id\\\":0,\\\"title\\\":\\\"Delhi\\\"},{\\\"id\\\":1,\\\"title\\\":\\\"Noida\\\"},{\\\"id\\\":2,\\\"title\\\":\\\"Gurugram\\\"},{\\\"id\\\":3,\\\"title\\\":\\\"Haryana\\\"},{\\\"id\\\":4,\\\"title\\\":\\\"Faridabad\\\"}]\",\"fieldName\":\"Select State\",\"fieldSuggestions\":\"\",\"fieldType\":\"spinner\",\"inputType\":\"text\",\"isSpinnerSelectTitle\":false,\"maxLength\":0,\"paramKey\":\"state\",\"validation\":\"\"},{\"fieldData\":\"[{\\\"id\\\":0,\\\"title\\\":\\\"Male\\\"},{\\\"id\\\":1,\\\"title\\\":\\\"Female\\\"}]\",\"fieldName\":\"Select Gender\",\"fieldSuggestions\":\"\",\"fieldType\":\"radio\",\"inputType\":\"text\",\"isSpinnerSelectTitle\":false,\"maxLength\":0,\"paramKey\":\"gender\",\"validation\":\"\"},{\"fieldData\":\"\",\"fieldName\":\"Select Date \",\"fieldSuggestions\":\"\",\"fieldType\":\"date_picker\",\"inputType\":\"text\",\"isSpinnerSelectTitle\":false,\"maxLength\":0,\"paramKey\":\"date\",\"validation\":\"\"},{\"fieldData\":\"\",\"fieldName\":\"Personal Details \",\"fieldSuggestions\":\"\",\"fieldType\":\"text_view\",\"inputType\":\"text\",\"isSpinnerSelectTitle\":false,\"maxLength\":0,\"paramKey\":\"\",\"validation\":\"\"},{\"fieldData\":\"\",\"fieldName\":\"Mobile No\",\"fieldSuggestions\":\"\",\"fieldType\":\"edit_text\",\"inputType\":\"numberSigned\",\"isSpinnerSelectTitle\":false,\"maxLength\":0,\"paramKey\":\"mobile\",\"validation\":\"\"},{\"fieldData\":\"\",\"fieldName\":\"Email ID \",\"fieldSuggestions\":\"[\\\"@gmail.com\\\",\\\"@yahoo.com\\\"]\",\"fieldType\":\"edit_text\",\"inputType\":\"textEmailAddress\",\"isSpinnerSelectTitle\":false,\"maxLength\":0,\"paramKey\":\"email\",\"validation\":\"\"},{\"fieldData\":\"\",\"fieldName\":\"Address \",\"fieldSuggestions\":\"\",\"fieldType\":\"edit_text\",\"inputType\":\"textMultiLine\",\"isSpinnerSelectTitle\":false,\"maxLength\":0,\"paramKey\":\"address \",\"validation\":\"\"},{\"fieldData\":\"\",\"fieldName\":\"Checked to continue.\",\"fieldSuggestions\":\"\",\"fieldType\":\"check_box\",\"inputType\":\"text\",\"isSpinnerSelectTitle\":false,\"maxLength\":0,\"paramKey\":\"agree\",\"validation\":\"check_box\"}],\"isShowActionbar\":false,\"popup\":{\"buttonText\":\"Continue\",\"description\":\"You will get your updates soon\",\"title\":\"Thank You!\"},\"subTitle\":\"Create all fields dynamic by json or model structure \",\"title\":\"BonusHub Campaign \"}",
      "startDate": "2023-04-25 12:00:00",
      "endDate": "2023-06-30 12:00:00"
    },{
      "actionType": 100,
      "fileName": "banner1-1.png",
      "id": 1,
      "showIn": "home",
      "ranking": 1,
      "actionText": "",
      "startDate": "2023-04-25 12:00:00",
      "endDate": "2023-06-30 12:00:00"
    },{
      "actionType": 0,
      "fileName": "banner2.png",
      "id": 2,
      "showIn": "emi_sale,brand_emi,void",
      "ranking": 1,
      "actionText": "",
      "startDate": "2023-04-25 12:00:00",
      "endDate": "2023-06-30 12:00:00"
    },{
      "actionType": 0,
      "fileName": "banner3.png",
      "id": 3,
      "showIn": "dynamic_qr",
      "ranking": 1,
      "actionText": "",
      "startDate": "2023-04-25 12:00:00",
      "endDate": "2023-06-30 12:00:00"
    }
  ]
}
