{
  "endDate": "2023-05-30 12:00:00",
  "isEnableShowWhenChargerConnected": true,
  "isEnableStaticQRCode": true,
  "list": [
    {
      "actionType": 0,
      "endDate": "2023-05-25 12:00:00",
      "fileName": "ss1.jpg",
      "id": 0,
      "ranking": 0,
      "startDate": "2023-04-25 12:00:00"
    },
    {
      "actionText": "Click here to Proceed",
      "actionType": 2002,
      "endDate": "2023-05-25 12:00:00",
      "fileName": "ss2.jpg",
      "id": 1,
      "ranking": 1,
      "startDate": "2023-04-25 12:00:00"
    },
    {
      "actionType": 2003,
      "endDate": "2023-05-25 12:00:00",
      "fileName": "ss3.jpg",
      "id": 2,
      "ranking": 2,
      "startDate": "2023-04-25 12:00:00"
    }
  ],
  "screenTimeOut": 13000,
  "startDate": "2023-04-25 12:00:00",
  "transitionTime": 5000
}
