{
  "endDate": "2023-05-30 12:00:00",
  "isEnableShowWhenChargerConnected": true,
  "isEnableStaticQRCode": true,
  "list": [
    {
      "actionType": 0,
      "endDate": "2023-05-25 12:00:00",
      "fileName": "",
      "id": 0,
      "imageRes": 2131165417,
      "ranking": 0,
      "startDate": "2023-04-25 12:00:00",
      "subTitle": "",
      "title": ""
    },
    {
      "actionText": "Click here to Proceed",
      "actionType": 2002,
      "endDate": "2023-05-25 12:00:00",
      "fileName": "",
      "id": 1,
      "imageRes": 2131165418,
      "ranking": 0,
      "startDate": "2023-04-25 12:00:00",
      "subTitle": "",
      "title": ""
    },
    {
      "actionType": 2003,
      "endDate": "2023-05-25 12:00:00",
      "fileName": "",
      "id": 2,
      "imageRes": 2131165419,
      "ranking": 0,
      "startDate": "2023-04-25 12:00:00",
      "subTitle": "",
      "title": ""
    }
  ],
  "screenTimeOut": 13000,
  "startDate": "2023-04-25 12:00:00",
  "transitionTime": 5000
}
