{
	"screenTimeOut": 30000,
	"transitionTime": 5000,
	"isEnableShowWhenChargerConnected": false,
	"isEnableStaticQRCode": false,
	"list": [{
			"fileName": "ss1.png",
			"id": 0,
			"ranking": 0,
			"startDate": "2023-04-25 12:00:00",
			"endDate": "2023-06-30 12:00:00"
		},
		{
			"fileName": "ss2.png",
			"id": 0,
			"ranking": 0,
			"startDate": "2023-04-25 12:00:00",
			"endDate": "2023-06-30 12:00:00"
		},
		{
			"fileName": "ss3.png",
			"id": 0,
			"ranking": 0,
			"startDate": "2023-04-25 12:00:00",
			"endDate": "2023-06-30 12:00:00"
		}
	]
}