{
  "bannerAttachDelayTime": 3000,
  "bannerTransitionTimeInSec": 3000,
  "endDate": "2023-05-30 12:00:00",
  "isEnableHomeScreen": true,
  "isEnablePinEntryScreen": true,
  "isEnableVoidScreen": true,
  "list": [
    {
      "actionType": 1001,
      "fileName": "banner1.jpg",
      "id": 0,
      "ranking": 1
    },
    {
      "actionType": 1002,
      "fileName": "banner2.jpg",
      "id": 1,
      "ranking": 2
    },
    {
      "actionType": 1003,
      "fileName": "banner3.jpg",
      "id": 2,
      "ranking": 3
    }
  ],
  "startDate": "2023-04-25 12:00:00"
}
