{
  "bannerAttachDelayTime": 3000,
  "bannerTransitionTimeInSec": 5000,
  "startDate": "2023-04-25 12:00:00",
  "endDate": "2023-05-30 12:00:00",
  "isEnableHomeScreen": true,
  "isEnablePinEntryScreen": true,
  "isEnableVoidScreen": true,
  "isEnableAmtEntryScreen": true,
  "list": [
    {
      "actionType": 1001,
      "fileName": "banner1.jpg",
      "id": 0,
      "ranking": 0,
      "startDate": "2023-04-25 12:00:00",
      "endDate": "2023-05-25 12:00:00"
    },
    {
      "actionType": 1002,
      "fileName": "banner2.jpg",
      "id": 1,
      "imageRes": 2131165308,
      "ranking": 1,
      "startDate": "2023-04-25 12:00:00",
      "endDate": "2023-05-25 12:00:00"
    },
    {
      "actionType": 1003,
      "fileName": "banner3.jpg",
      "id": 2,
      "ranking": 2,
      "startDate": "2023-04-25 12:00:00",
      "endDate": "2023-05-25 12:00:00"
    }
  ]
}
