{
  "endDate": "2023-05-30 12:00:00",
  "isEnableShowWhenChargerConnected": false,
  "isEnableStaticQRCode": true,
  "list": [
    {
      "actionType": 0,
      "fileName": "ss1.jpg",
      "id": 0,
      "ranking": 1
    },
    {
      "actionText": "Click here to Proceed",
      "actionType": 2001,
      "fileName": "ss2.jpg",
      "id": 1,
      "ranking": 2
    },
    {
      "actionType": 0,
      "fileName": "ss3.jpg",
      "id": 1,
      "ranking": 2
    }
  ],
  "screenTimeOut": 13000,
  "startDate": "2023-04-25 12:00:00",
  "transitionTime": 5000
}
