{
  "screenTimeOut": 30000,
  "transitionTime": 5000,
  "isEnableShowWhenChargerConnected": false,
  "isEnableStaticQRCode": false,
  "list": [
    {
      "actionType": 0,
      "fileName": "ss1.jpg",
      "id": 0,
      "ranking": 0,
      "startDate": "2023-04-25 12:00:00",
      "endDate": "2023-06-30 12:00:00"
    },
    {
      "actionType": 2002,
      "actionText": "Click here to Proceed",
      "fileName": "ss2.jpg",
      "id": 1,
      "ranking": 1,
      "startDate": "2023-04-25 12:00:00",
      "endDate": "2023-06-30 12:00:00"
    },
    {
      "actionType": 2003,
      "fileName": "ss3.jpg",
      "id": 2,
      "ranking": 2,
      "startDate": "2023-04-25 12:00:00",
      "endDate": "2023-06-30 12:00:00"
    }
  ]
}
