{
  "bannerAttachDelayTime": 3000,
  "bannerCount": 5,
  "bannerTransitionTimeInSec": 5000,
  "endDate": "2023-05-30 12:00:00",
  "isEnableHomeScreen": true,
  "isEnablePinEntryScreen": true,
  "isEnableVoidScreen": true,
  "list": [
    {
      "actionType": 1001,
      "endDate": "2023-05-25 12:00:00",
      "fileName": "",
      "id": 0,
      "imageRes": 2131165307,
      "ranking": 0,
      "startDate": "2023-04-25 12:00:00",
      "subTitle": "",
      "title": ""
    },
    {
      "actionType": 1002,
      "endDate": "2023-05-25 12:00:00",
      "fileName": "",
      "id": 1,
      "imageRes": 2131165308,
      "ranking": 0,
      "startDate": "2023-04-25 12:00:00",
      "subTitle": "",
      "title": ""
    },
    {
      "actionType": 1003,
      "endDate": "2023-05-25 12:00:00",
      "fileName": "",
      "id": 2,
      "imageRes": 2131165309,
      "ranking": 0,
      "startDate": "2023-04-25 12:00:00",
      "subTitle": "",
      "title": ""
    }
  ],
  "startDate": "2023-04-25 12:00:00"
}
